[
	{
		"category": "beverage",
		"item": "Milk",
		"brand": "Jabron",
		"type": "Organic 2% Milk",
		"qty": 1
	},
	{
		"category": "pantry",
		"item": "Farfalle",
		"brand": "Micoy",
		"type": "Pasta",
		"qty": 3
	},
	{
		"category": "pantry",
		"item": "Linguini",
		"brand": "Micoy",
		"type": "Pasta",
		"qty": 2
	},
	{
		"category": "dairy",
		"item": "Yogurt",
		"brand": "Labels",
		"type": "Plain Non-Fat Greek Yogurt",
		"qty": 12
	},
	{
		"category": "produce",
		"item": "Apples",
		"brand": "Zambony",
		"type": "Honeycrisp",
		"qty": 6
	},
	{
		"category": "produce",
		"item": "Lemons",
		"brand": "KC",
		"type": "Pink Variegated",
		"qty": 6
	},
	{
		"category": "beverage",
		"item": "Water",
		"brand": "Switch",
		"type": "Grapefruit Sparkling Water",
		"qty": 8
	},
	{
		"category": "alcohol",
		"item": "Vodka",
		"brand": "Flamingo",
		"type": "L'Orange",
		"qty": 1
	}
]